ab,ag,c,d,f,gr,gs,gv,h,la,lo,n,nb,np,nv,ra,rc,rs,s,sq,st,th,timestamp,tr,v,m,i,mh,trr,ro,br,em,nq,nam,naf,nh,nm,sp,a,spi,wd,ws,oat,tat,rds,rdi,sda,ct,gpb,sn,og,t,link
4850,5200,A3,unknown,AAL1715,,186.7,2,ace81d,34.945816,-80.945136,8,1,9,1,2026-09-01T00:25:40.236Z,186.0,,3,,perhour,,2026-09-01 00:25:40.236000+00:00,4.920000076293945,2,,,,,,0.0,none,1018.4,4992,0,19.690000534057617,,0.0,0,0,,,,,,,2,,,0.0,False,adsb_icao,
1750,1875,A2,unknown,PDT6098,,134.3,2,a8d6bd,35.140091,-80.960102,8,1,9,1,2026-09-01T00:25:40.257Z,186.0,,3,,perhour,,2026-09-01 00:25:40.257000+00:00,356.1600036621094,2,,,,,,-768.0,none,,0,0,0.0,,0.0,0,0,,,,,,,2,,,0.0,False,adsb_icao,
35975,38200,A3,unknown,JIA5582,-128.0,472.8,2,a7e9e7,37.231567,-80.600086,8,1,10,1,2026-09-01T00:25:40.267Z,186.0,,3,,perhour,,2026-09-01 00:25:40.267000+00:00,238.92999267578125,2,,,,,,,none,1012.8,36000,0,250.30999755859375,,0.0,0,0,,,,,,,2,,,0.0,False,adsb_icao,
18225,19300,A3,unknown,AAL2794,,379.9,2,a0541b,35.316017,-80.046562,8,1,9,1,2026-09-01T00:25:40.287Z,186.0,,3,2575,perhour,,2026-09-01 00:25:40.287000+00:00,70.47000122070312,2,,,,,,2880.0,none,,31008,0,0.0,,0.0,0,0,,,,,,,2,,,0.0,False,adsb_icao,
3425,3650,A3,unknown,TAP233,,219.0,2,495307,39.146805,-77.456778,8,1,9,1,2026-09-01T00:25:40.288Z,186.0,,3,,perhour,,2026-09-01 00:25:40.288000+00:00,180.77999877929688,2,,,,,,-1344.0,none,1018.4,3008,0,0.0,,0.0,0,0,,,,,,,3,,,0.0,False,adsb_icao,
225,200,A4,unknown,UPS1223,,150.4,2,a582c8,36.892369,-76.202008,8,1,10,1,2026-09-01T00:25:40.292Z,186.0,,3,,perhour,,2026-09-01 00:25:40.292000+00:00,217.7100067138672,2,,,,,,2688.0,none,1017.6,4000,0,231.3300018310547,,0.0,0,0,,,,,,,2,,,0.0,False,adsb_icao,
5200,5550,A2,unknown,LN279AH,,274.7,2,a2c7f3,35.329102,-80.971127,8,1,10,2,2026-09-01T00:25:40.296Z,186.0,,3,,perhour,,2026-09-01 00:25:40.296000+00:00,298.239990234375,2,,,,,,3264.0,none,1018.4,8000,0,308.6700134277344,"lnav,tcas,autopilot",0.0,0,0,,,,,,,2,,,0.0,False,adsb_icao,
1475,1575,A5,unknown,SAS926,,159.5,2,4aca64,38.948547,-77.506873,8,1,9,2,2026-09-01T00:25:40.301Z,186.0,,3,3633,perhour,,2026-09-01 00:25:40.301000+00:00,290.92999267578125,2,,,,,,2304.0,none,1018.4,3008,0,319.9200134277344,,0.0,0,0,,,,,,,2,,,0.0,False,adsb_icao,
29000,30750,A3,unknown,AAL1945,,475.8,2,a04b24,38.372543,-77.447536,8,1,9,1,2026-09-01T00:25:40.301Z,186.0,,3,0571,perhour,,2026-09-01 00:25:40.301000+00:00,63.27000045776367,2,,,,,,-64.0,none,,28992,0,0.0,,0.0,0,0,,,,,,,2,,,0.0,False,adsb_icao,
6825,7250,A3,unknown,FFL1207,,292.1,2,a09252,35.186369,-80.82859,8,1,10,2,2026-09-01T00:25:40.304Z,186.0,,3,,perhour,,2026-09-01 00:25:40.304000+00:00,178.22999572753906,2,,,,,,-1408.0,none,1018.4,6016,0,0.0,"tcas,autopilot",0.0,0,0,,,,,,,2,,,0.0,False,adsb_icao,
1000,1100,A1,unknown,SKQ55,,130.7,2,a81832,36.059224,-79.458268,9,1,10,2,2026-09-01T00:25:40.322Z,75.0,,3,,perhour,,2026-09-01 00:25:40.322000+00:00,50.59000015258789,2,,,,,,1216.0,none,1018.4,12000,0,0.0,,0.0,0,0,,,,,,,2,,,0.0,False,adsb_icao,
5725,6150,A1,unknown,LBQ782,,186.3,2,a85568,36.428709,-82.341185,9,1,10,2,2026-09-01T00:25:40.322Z,75.0,,3,,perhour,,2026-09-01 00:25:40.322000+00:00,86.91999816894531,2,,,,,,1472.0,none,1020.8,10016,0,92.11000061035156,,0.0,0,0,,,,,,,2,,,0.0,False,adsb_icao,
6875,7275,A1,unknown,N983FA,,105.1,2,adb6c7,35.991806,-79.494152,9,1,10,2,2026-09-01T00:25:40.333Z,75.0,,3,,perhour,,2026-09-01 00:25:40.333000+00:00,8.210000038146973,2,,,,,,-128.0,none,1019.2,7008,0,0.0,,0.0,0,0,,,,,,,2,,,0.0,False,adsb_icao,
16625,17675,A3,unknown,UAL2761,,373.1,2,a54650,38.636076,-78.130615,8,1,9,1,2026-09-01T00:25:40.347Z,186.0,,3,5630,perhour,,2026-09-01 00:25:40.347000+00:00,67.62999725341797,2,,,,,,-1472.0,none,1018.4,6016,0,0.0,,0.0,0,0,,,,,,,2,,,0.0,False,adsb_icao,
29000,30875,A3,unknown,JIA5224,192.0,469.6,2,a6e72d,37.778957,-81.120659,8,1,10,1,2026-09-01T00:25:40.372Z,186.0,,3,,perhour,,2026-09-01 00:25:40.372000+00:00,57.2599983215332,2,,,,,,,none,1012.8,28992,0,75.2300033569336,,0.0,0,0,,,,,,,2,,,0.0,False,adsb_icao,
275,325,A3,unknown,SWA1770,,151.8,2,ac5b43,39.194424,-76.690369,8,1,10,2,2026-09-01T00:25:40.372Z,186.0,,3,,perhour,,2026-09-01 00:25:40.372000+00:00,144.11000061035156,2,,,,,,-704.0,none,1017.6,2496,0,156.08999633789062,,0.0,0,0,,,,,,,2,,,0.0,False,adsb_icao,
37375,39650,A3,unknown,SWA1685,,467.6,2,abaeb2,37.257202,-79.756242,8,1,10,2,2026-09-01T00:25:40.373Z,186.0,,3,,perhour,,2026-09-01 00:25:40.373000+00:00,228.63999938964844,2,,,,,,1728.0,none,1013.6,40000,0,241.1699981689453,,0.0,0,0,,,,,,,2,,,0.0,False,adsb_icao,
34975,37025,A3,unknown,AAL2318,,453.4,2,aa8164,38.112224,-76.841603,8,1,10,2,2026-09-01T00:25:40.402Z,186.0,,3,2067,perhour,,2026-09-01 00:25:40.402000+00:00,28.8799991607666,2,,,,,,0.0,none,1012.8,35008,0,0.0,,0.0,0,0,,,,,,,2,,,0.0,False,adsb_icao,
16675,17750,A2,unknown,PDT5889,,342.8,2,a86cae,35.763524,-81.652378,8,1,9,1,2026-09-01T00:25:40.405Z,186.0,,3,,perhour,,2026-09-01 00:25:40.405000+00:00,323.8999938964844,2,,,,,,1408.0,none,,0,0,0.0,,0.0,0,0,,,,,,,2,,,0.0,False,adsb_icao,
36000,38175,A3,unknown,UAL1176,,460.6,2,a81000,35.446701,-77.419567,8,1,9,1,2026-09-01T00:25:40.414Z,186.0,,3,1512,perhour,,2026-09-01 00:25:40.414000+00:00,193.42999267578125,2,,,,,,0.0,none,1013.6,36000,0,203.91000366210938,,0.0,0,0,,,,,,,2,,,0.0,False,adsb_icao,
6100,6425,A3,unknown,AAL608,,282.0,2,a791c0,35.278263,-81.117554,8,1,9,1,2026-09-01T00:25:40.428Z,186.0,,3,,perhour,,2026-09-01 00:25:40.428000+00:00,270.20001220703125,2,,,,,,2880.0,none,1019.2,8000,0,279.8399963378906,,0.0,0,0,,,,,,,2,,,0.0,False,adsb_icao,
33075,35150,A3,unknown,FFT2309,,464.4,2,a81a81,37.523392,-78.472011,8,1,10,2,2026-09-01T00:25:40.429Z,186.0,,3,7033,perhour,,2026-09-01 00:25:40.429000+00:00,219.75999450683594,2,,,,,,1728.0,none,1012.8,36000,0,0.0,,0.0,0,0,,,,,,,3,,,0.0,False,adsb_icao,
33450,35500,A3,unknown,UAL700,,469.6,2,a2dffe,38.565177,-77.290222,8,1,9,1,2026-09-01T00:25:40.439Z,186.0,,3,7422,perhour,,2026-09-01 00:25:40.439000+00:00,52.790000915527344,2,,,,,,-960.0,none,1013.6,30016,0,59.060001373291016,,0.0,0,0,,,,,,,2,,,0.0,False,adsb_icao,
21850,23200,A2,unknown,PDT6112,,441.5,2,ac6f31,36.942993,-76.944268,8,1,9,1,2026-09-01T00:25:40.485Z,186.0,,3,,perhour,,2026-09-01 00:25:40.485000+00:00,55.9900016784668,2,,,,,,-768.0,none,,0,0,0.0,,0.0,0,0,,,,,,,2,,,0.0,False,adsb_icao,
17225,18300,A3,unknown,DAL1518,,364.5,2,ad43e6,35.41266,-79.396908,8,1,10,2,2026-09-01T00:25:40.491Z,186.0,,3,,perhour,,2026-09-01 00:25:40.491000+00:00,39.31999969482422,2,,,,,,-1984.0,none,1017.6,6016,0,47.11000061035156,,0.0,0,0,,,,,,,2,,,0.0,False,adsb_icao,
31350,33350,A3,unknown,AAL2672,,454.4,2,ad84de,38.006364,-77.493021,8,1,9,1,2026-09-01T00:25:40.500Z,186.0,,3,5720,perhour,,2026-09-01 00:25:40.500000+00:00,37.400001525878906,2,,,,,,-3968.0,none,1013.6,30016,0,42.189998626708984,,0.0,0,0,,,,,,,2,,,0.0,False,adsb_icao,
17425,18525,A3,unknown,FFT3133,,345.3,2,a43f7d,35.806274,-80.439548,8,1,10,2,2026-09-01T00:25:40.512Z,186.0,,3,,perhour,,2026-09-01 00:25:40.512000+00:00,213.17999267578125,2,,,,,,-1792.0,none,1018.4,10016,0,0.0,,0.0,0,0,,,,,,,3,,,0.0,False,adsb_icao,
4000,4225,A3,unknown,AAL544,,260.7,2,a8b44e,38.930892,-77.120667,8,1,9,1,2026-09-01T00:25:40.542Z,186.0,,3,5644,perhour,,2026-09-01 00:25:40.542000+00:00,325.94000244140625,2,,,,,,3648.0,none,1018.4,15008,0,0.0,,0.0,0,0,,,,,,,2,,,0.0,False,adsb_icao,
29000,30800,A3,unknown,EDV4664,-128.0,464.9,2,a7c849,37.548988,-77.250665,8,1,10,1,2026-09-01T00:25:40.543Z,186.0,,3,,perhour,,2026-09-01 00:25:40.543000+00:00,54.189998626708984,2,,,,,,,none,1012.8,28992,0,58.36000061035156,,0.0,0,0,,,,,,,2,,,0.0,False,adsb_icao,
,0,A2,unknown,GJS4610,,0.2,,a71654,38.946684,-77.454407,8,,10,,2026-09-01T00:25:40.566Z,186.0,,3,,perhour,,2026-09-01 00:25:40.566000+00:00,270.0,2,,,,,,,none,,0,0,0.0,,0.0,,,,,,,,,2,,,0.0,True,adsb_icao,
6425,6800,A3,unknown,UAL2024,,288.8,2,aa7f01,38.550842,-77.378381,8,1,10,2,2026-09-01T00:25:40.570Z,186.0,,3,5744,perhour,,2026-09-01 00:25:40.570000+00:00,17.1200008392334,2,,,,,,-1472.0,none,1017.6,4000,0,23.200000762939453,,0.0,0,0,,,,,,,2,,,0.0,False,adsb_icao,
23375,24700,A3,unknown,JIA5121,-2560.0,440.4,2,a71e5c,38.610193,-76.489258,8,1,10,1,2026-09-01T00:25:40.573Z,186.0,,3,1341,perhour,,2026-09-01 00:25:40.573000+00:00,56.20000076293945,2,,,,,,,none,1012.8,15008,0,61.16999816894531,,0.0,0,0,,,,,,,2,,,0.0,False,adsb_icao,
35000,37300,A2,unknown,EJA771,-64.0,469.1,2,aa6e2d,37.509419,-80.482377,8,1,10,1,2026-09-01T00:25:40.587Z,186.0,,3,3152,perhour,,2026-09-01 00:25:40.587000+00:00,74.04000091552734,2,,,,,,,none,1012.8,35008,0,79.44999694824219,,0.0,0,0,,,,,,,2,,,0.0,False,adsb_icao,
,0,A3,unknown,ENY3452,,417.1,2,a23138,38.835938,-79.429481,8,1,10,2,2026-09-01T00:25:40.598Z,186.0,,3,,perhour,,2026-09-01 00:25:40.598000+00:00,268.489990234375,2,,,,,,1344.0,none,1013.6,34016,0,0.0,"tcas,autopilot",0.0,0,0,,,,,,,2,,,0.0,False,adsb_icao,
38000,40300,A3,unknown,DAL969,,458.7,2,a04dfa,37.506766,-79.651655,8,1,10,2,2026-09-01T00:25:40.606Z,186.0,,3,3651,perhour,,2026-09-01 00:25:40.606000+00:00,227.64999389648438,2,,,,,,0.0,none,,38016,0,0.0,,0.0,0,0,,,,,,,2,,,0.0,False,adsb_icao,
16575,17575,A3,unknown,SWA4395,,368.1,2,ac794d,38.372777,-77.086706,8,1,10,2,2026-09-01T00:25:40.627Z,186.0,,3,5341,perhour,,2026-09-01 00:25:40.627000+00:00,26.6299991607666,2,,,,,,-2368.0,none,1017.6,4000,0,42.189998626708984,,0.0,0,0,,,,,,,2,,,0.0,False,adsb_icao,
35000,37100,A3,unknown,AAL1405,,431.7,2,ad526c,37.07785,-75.658284,8,1,9,1,2026-09-01T00:25:40.645Z,186.0,,3,,perhour,,2026-09-01 00:25:40.645000+00:00,11.489999771118164,2,,,,,,64.0,none,1013.6,35008,0,25.309999465942383,,0.0,0,0,,,,,,,2,,,0.0,False,adsb_icao,
36925,39200,A3,unknown,SWA3019,,467.1,2,abbd8d,38.14444,-82.671126,8,1,10,2,2026-09-01T00:25:40.667Z,186.0,,3,,perhour,,2026-09-01 00:25:40.667000+00:00,173.36000061035156,2,,,,,,1280.0,none,1013.6,40000,0,180.6999969482422,,0.0,0,0,,,,,,,2,,,0.0,False,adsb_icao,
7625,8050,A3,unknown,AAL1176,,290.5,2,ad1986,35.233341,-81.195276,8,1,9,1,2026-09-01T00:25:40.722Z,186.0,,3,,perhour,,2026-09-01 00:25:40.722000+00:00,218.2899932861328,2,,,,,,2304.0,none,1018.4,16000,0,180.0,,0.0,0,0,,,,,,,2,,,0.0,False,adsb_icao,
27000,28700,A3,unknown,RPA5818,,437.7,2,ab282b,36.284257,-80.049192,8,1,10,2,2026-09-01T00:25:40.725Z,186.0,,3,1144,perhour,,2026-09-01 00:25:40.725000+00:00,213.72999572753906,2,,,,,,64.0,none,1013.6,10016,0,0.0,"tcas,autopilot,vnav",0.0,0,0,,,,,,,2,,,0.0,False,adsb_icao,
31000,33075,A3,unknown,JIA5060,-128.0,465.3,2,a75e7e,37.844874,-80.106453,8,1,10,1,2026-09-01T00:25:40.732Z,186.0,,3,3121,perhour,,2026-09-01 00:25:40.732000+00:00,85.69000244140625,2,,,,,,,none,1012.8,31008,0,92.80999755859375,,0.0,0,0,,,,,,,2,,,0.0,False,adsb_icao,
16275,17200,A3,unknown,RPA4763,,325.5,2,a54cd9,39.152527,-77.477198,8,1,10,2,2026-09-01T00:25:40.736Z,186.0,,3,,perhour,,2026-09-01 00:25:40.736000+00:00,342.8500061035156,2,,,,,,1984.0,none,1018.4,17024,0,0.0,"tcas,autopilot,vnav",0.0,0,0,,,,,,,2,,,0.0,False,adsb_icao,
2850,2975,A1,unknown,N181PG,,98.1,2,a145af,35.841313,-80.2449,9,1,10,2,2026-09-01T00:25:40.754Z,75.0,,3,,perhour,,2026-09-01 00:25:40.754000+00:00,20.280000686645508,2,,,,,,-128.0,none,1018.4,3008,0,58.36000061035156,,0.0,0,0,,,,,,,2,,,0.0,False,adsb_icao,
9525,10050,A3,unknown,MXY509,2752.0,291.5,2,a1f00e,37.023697,-75.987114,8,1,10,1,2026-09-01T00:25:40.759Z,186.0,,3,,perhour,,2026-09-01 00:25:40.759000+00:00,43.04999923706055,2,,,,,,,none,1018.4,23008,0,52.72999954223633,,0.0,0,0,,,,,,,2,,,0.0,False,adsb_icao,
4325,4600,A3,unknown,UAL1251,,229.7,2,a43eed,36.881973,-76.289355,8,1,9,1,2026-09-01T00:25:40.761Z,186.0,,3,,perhour,,2026-09-01 00:25:40.761000+00:00,310.760009765625,2,,,,,,2624.0,none,1017.6,16000,0,319.9200134277344,,0.0,0,0,,,,,,,2,,,0.0,False,adsb_icao,
33225,35200,A3,unknown,AAL3145,,456.0,2,acf849,38.064377,-75.772354,8,1,9,1,2026-09-01T00:25:40.770Z,186.0,,3,2250,perhour,,2026-09-01 00:25:40.770000+00:00,214.4600067138672,2,,,,,,1344.0,none,1013.6,34016,0,227.80999755859375,,0.0,0,0,,,,,,,2,,,0.0,False,adsb_icao,
5250,5600,A2,unknown,LN279AH,,273.8,2,a2c7f3,35.329424,-80.97181,8,1,10,2,2026-09-01T00:25:40.782Z,186.0,,3,,perhour,,2026-09-01 00:25:40.782000+00:00,298.3399963378906,2,,,,,,3264.0,none,1018.4,8000,0,308.6700134277344,"lnav,tcas,autopilot",0.0,0,0,,,,,,,2,,,0.0,False,adsb_icao,
1000,1100,A1,unknown,SKQ55,,132.1,2,a81832,36.059418,-79.457932,9,1,10,2,2026-09-01T00:25:40.818Z,75.0,,3,,perhour,,2026-09-01 00:25:40.818000+00:00,50.529998779296875,2,,,,,,1216.0,none,1018.4,12000,0,0.0,,0.0,0,0,,,,,,,2,,,0.0,False,adsb_icao,
31025,32850,A3,unknown,SWA269,,436.3,2,abec26,38.823807,-78.337953,8,1,10,2,2026-09-01T00:25:40.827Z,186.0,,3,,perhour,,2026-09-01 00:25:40.827000+00:00,261.0299987792969,2,,,,,,2880.0,none,1013.6,40000,0,272.80999755859375,,0.0,0,0,,,,,,,2,,,0.0,False,adsb_icao,
